{
  "name": "jiraqueryticket",
  "title": "Jira Query Ticket",
  "version": "1.0.0",
  "author": "TIBCO Software Inc.",
	"type": "flogo:activity",
  "description": "Jira Query Ticket",
	"ref": "Jira/activity/queryticket",
  
  "display": {
    "category": "Jira",
    "visible": true,
    "description": "This activity can be used to get recently updated or get recently created Jira tickets"
  },

  "inputs":[
    {
      "name": "Connection",
      "type": "object",
      "required": true,
      "allowed":[],
      "display": {
        "name": "Connection Name",
        "description": "Select a Jira connection",
        "type":"connection",
        "selection": "single",
        "visible": true
      }
    },
    {
      "name": "project",
      "type": "string",
      "required" : false,
      "display": {
        "description": "Enter Jira Project key",
        "name": "Project Key",
        "visible": false
      }
    },
    {
      "name": "issueType",
      "type": "string",
      "required": true,
      "allowed" : ["Story", "Enhancement", "Defect", "Task"],
      "value": "Story",
      "display":{
        "description": "Select Issue Type",
        "name": "Issue Type",
        "type": "dropdown",
        "selection": "single"
      }
    },
    {
      "name": "queryBy",
      "type": "string",
      "required": true,
      "allowed" : ["Recently Updated", "Recently Created"],
      "value": "Recently Updated",
      "display":{
        "description": "Get Query By",
        "name": "Query By",
        "type": "dropdown",
        "selection": "single"
      }
    },
    {
      "name": "withinTime",
      "type": "string",
      "required": true,
      "display": {
           "description": "Enter time with unit. d for Days, h for Hours, m for Minutes",
           "name": "Time"
       }
    },
    {
      "name": "queryParams",
      "type": "complex_object",
      "display": {
          "name":"Query Params",
          "description": "The parameters you want to send",
          "type": "params",
          "schema": "{\"type\":\"array\",\"items\":{\"type\":\"object\",\"properties\":{\"parameterName\":{\"type\":\"string\"},\"type\":{\"type\":{\"enum\":[\"string\",\"number\",\"boolean\"]}},\"repeating\":{\"type\":{\"enum\":[\"true\",\"false\"]}},\"required\":{\"type\":{\"enum\":[\"true\",\"false\"]}}}}}",
          "readonly": false,
          "mappable": true
      },
      "value":{
          "metadata":"",
          "value": "[{\"parameterName\":\"project\",\"type\":\"string\",\"repeating\":\"true\",\"required\":\"true\",\"visible\":false}]"
      }
    },
    {
      "name": "issueTypefromConn",
      "type": "string",
      "allowed" : [],
      "display":{
        "description": "Select Issue Type from Conn",
        "name": "Issue Type from Conn",
        "type": "dropdown",
        "selection": "single"
      }
    }
  ],
  "outputs": [
    {
      "name": "output",
      "type": "complex_object",
      "value": {
        "value": "{\"$schema\":\"http:\/\/json-schema.org\/draft-04\/schema#\",\"definitions\":{},\"id\":\"http:\/\/example.com\/example.json\",\"items\":{\"id\":\"\/items\",\"properties\":{\"key\":{\"id\":\"\/items\/properties\/string\",\"type\":\"string\"},\"summary\":{\"id\":\"\/items\/properties\/string\",\"type\":\"string\"}},\"type\":\"object\"},\"type\":\"array\"}",
        "metadata": ""
      }
    }
  ]
}
